full_name,email,state,created_at
lizzie effertz,torp.trisha@fakemail.com,Arizona,2020-01-31T12:51:00+02:00
orlando abbott,dayton.hermiston@fakemail.com,IN,2020-01-31T12:51:00+02:01
kelley     harann,borer.blake@fakemail.com,WV,2020-01-31T12:51:00+02:02
ruth   langworth,garett66@fakemail.com,MN,2020-01-31T12:51:00+02:03
lane swift,nienow.coralie@fakemail.com,IN,2020-01-31T12:51:00+02:04
bertha corwin,tstroman@fakemail.com,WV,2020-01-31T12:51:00+02:05
manuela   kling,shawn.langworth@fakemail.com,MN,2020-01-31T12:51:00+02:06
mose balistreri,dorris70@fakemail.com,NY,2020-01-31T12:51:00+02:07
robin    halvorson,murazik.americo@fakemail.com,IN,2020-01-31T12:51:00+02:08
osbaldo parker i,friesen.angeline@fakemail.com,WV,2020-01-31T12:51:00+02:09
javier runolfsson,benjamin.bailey@fakemail.net,Minnesota,2020-01-31T12:51:00+02:10
amelia batz,garrison60@fakemail.com,IN,2020-01-31T12:51:00+02:11
abby  pouros,dominique.leannon@fakemail.com,WV,2020-01-31T12:51:00+02:12
markus homenick,piper73@fakemail.com,New York,2020-01-31T12:51:00+02:13
braeden turner,kozey.jace@fakemail.com,IN,2020-01-31T12:51:00+02:14
horacio   parker,vtillman@fakemail.info,WV,2020-01-31T12:51:00+02:15
ms. stacy       padberg,erdman.elaina@fakemail.com,MN,2020-01-31T12:51:00+02:16
dr.     deshawn stracke,rosendo.beer@fakemail.com,IN,2020-01-31T12:51:00+02:17
pascale grady,princess60@fakemail.com,WV,2020-01-31T12:51:00+02:18
lacy     brekke,romaguera.darrell@fakemail.com,AZ,2020-01-31T12:51:00+02:19