id,name,address,created_at
1,Company 1,Address 1,2021-01-11 18:53:45
2,Company 2,Address 2,2021-01-19 09:29:05
3,Company 3,Address 3,2021-01-08 00:08:25
4,Company 4,Address 4,2021-01-01 02:55:23
5,Company 5,Address 5,2021-01-03 14:47:16
6,Company 6,Address 6,2021-01-22 18:51:11
7,Company 7,Address 7,2021-01-11 22:32:51
8,Company 8,Address 8,2021-01-21 12:33:00
9,Company 9,Address 9,2021-01-27 12:15:48
10,Company 10,Address 10,2021-01-08 23:48:37
11,Company 11,Address 11,2021-01-21 08:58:24
12,Company 12,Address 12,2021-01-29 05:07:39
13,Company 13,Address 13,2021-01-01 13:16:39
14,Company 14,Address 14,2021-01-10 02:08:19
15,Company 15,Address 15,2021-01-29 12:41:42
16,Company 16,Address 16,2021-01-05 23:45:53
17,Company 17,Address 17,2021-01-21 00:25:59
18,Company 18,Address 18,2021-01-23 02:31:41
19,Company 19,Address 19,2021-01-26 04:30:52
20,Company 20,Address 20,2021-01-06 19:18:33
21,Company 21,Address 21,2021-01-15 18:04:19
22,Company 22,Address 22,2021-01-22 17:24:52
23,Company 23,Address 23,2021-01-28 19:44:23
24,Company 24,Address 24,2021-01-13 04:40:29
25,Company 25,Address 25,2021-01-24 15:13:09
26,Company 26,Address 26,2021-01-10 08:09:41
27,Company 27,Address 27,2021-01-17 10:14:14
28,Company 28,Address 28,2021-01-01 10:20:13
29,Company 29,Address 29,2021-01-24 10:41:41
30,Company 30,Address 30,2021-01-11 22:22:56
31,Company 31,Address 31,2021-01-27 02:31:30
32,Company 32,Address 32,2021-01-11 20:39:27
33,Company 33,Address 33,2021-01-04 14:20:40
34,Company 34,Address 34,2021-01-14 00:25:09
35,Company 35,Address 35,2021-01-11 00:11:44
36,Company 36,Address 36,2021-01-05 18:46:38
37,Company 37,Address 37,2021-01-28 13:52:56
38,Company 38,Address 38,2021-01-19 17:05:18
39,Company 39,Address 39,2021-01-15 15:50:46
40,Company 40,Address 40,2021-01-27 12:40:00
41,Company 41,Address 41,2021-01-20 08:54:46
42,Company 42,Address 42,2021-01-27 07:10:55
43,Company 43,Address 43,2021-01-02 13:59:47
44,Company 44,Address 44,2021-01-29 21:53:48
45,Company 45,Address 45,2021-01-14 13:45:38
46,Company 46,Address 46,2021-01-23 04:45:55
47,Company 47,Address 47,2021-01-30 10:10:57
48,Company 48,Address 48,2021-01-23 19:18:19
49,Company 49,Address 49,2021-01-22 18:08:28
